Scientific name,common name ,weight
Sparus aurata,Dourada ,638.7
Sparus aurata,Dourada ,1145.6
Sparus aurata,Dourada ,676.2
Sparus aurata,Dourada ,589.1
Sparus aurata,Dourada ,258.9
Sparus aurata,Dourada ,744.2
Sparus aurata,Dourada ,677.3
Sparus aurata,Dourada ,639.9
Sparus aurata,Dourada ,554.5
Sparus aurata,Dourada ,630.8
Sparus aurata,Dourada ,657.8
Sparus aurata,Dourada ,628.6
Sparus aurata,Dourada ,608.6
Sparus aurata,Dourada ,467.3
Sparus aurata,Dourada ,642.2
Sparus aurata,Dourada ,1403.2
Sparus aurata,Dourada ,301.7
Sparus aurata,Dourada ,694.2
Sparus aurata,Dourada ,853.2
Sparus aurata,Dourada ,598.8
Sparus aurata,Dourada ,918.9
Sparus aurata,Dourada ,539.2
Sparus aurata,Dourada ,644.5
Sparus aurata,Dourada ,598.7
Sparus aurata,Dourada ,499.8
Sparus aurata,Dourada ,591.8
Sparus aurata,Dourada ,576
Sparus aurata,Dourada ,674.3
Sparus aurata,Dourada ,642.7
Sparus aurata,Dourada ,624.6
Sparus aurata,Dourada ,666.8
Sparus aurata,Dourada ,90.8
Sparus aurata,Dourada ,42.8
Sparus aurata,Dourada ,42.8
Sparus aurata,Dourada ,38.7
Sparus aurata,Dourada ,45.8
Sparus aurata,Dourada ,45.3
Sparus aurata,Dourada ,37.9
Sparus aurata,Dourada ,39.3
Sparus aurata,Dourada ,31.2
Sparus aurata,Dourada ,41.5
Sparus aurata,Dourada ,40
Sparus aurata,Dourada ,43.3
Sparus aurata,Dourada ,53.5
Sparus aurata,Dourada ,32.4
Sparus aurata,Dourada ,48.2
Sparus aurata,Dourada ,20.5
Sparus aurata,Dourada ,68.2
Sparus aurata,Dourada ,37
Sparus aurata,Dourada ,46.8
Sparus aurata,Dourada ,56.2
Sparus aurata,Dourada ,33.6
Sparus aurata,Dourada ,62.3
Sparus aurata,Dourada ,51.9
Sparus aurata,Dourada ,61.3
Sparus aurata,Dourada ,67.8
Sparus aurata,Dourada ,65.9
Sparus aurata,Dourada ,49.4
Sparus aurata,Dourada ,53.4
Sparus aurata,Dourada ,46.9
Sparus aurata,Dourada ,51.7
Sparus aurata,Dourada ,45.8
Sparus aurata,Dourada ,50.3
Sparus aurata,Dourada ,586.3
Sparus aurata,Dourada ,692
Sparus aurata,Dourada ,435.4
Sparus aurata,Dourada ,466.6
Sparus aurata,Dourada ,54
Sparus aurata,Dourada ,52
Sparus aurata,Dourada ,53.5
Sparus aurata,Dourada ,56.2
Sparus aurata,Dourada ,44.3
Sparus aurata,Dourada ,71.4
Sparus aurata,Dourada ,72.5
Sparus aurata,Dourada ,68
Sparus aurata,Dourada ,60.4
Sparus aurata,Dourada ,74.6
Sparus aurata,Dourada ,54.8
Sparus aurata,Dourada ,68.2
Sparus aurata,Dourada ,56.8
Sparus aurata,Dourada ,44
Sparus aurata,Dourada ,37.8
Sparus aurata,Dourada ,59.3
Sparus aurata,Dourada ,53.3
Sparus aurata,Dourada ,60.5
Sparus aurata,Dourada ,53.2
Sparus aurata,Dourada ,47.9
Sparus aurata,Dourada ,42.5
Sparus aurata,Dourada ,60.2
Sparus aurata,Dourada ,81.7
Sparus aurata,Dourada ,48
Sparus aurata,Dourada ,67.6
Sparus aurata,Dourada ,59.4
Sparus aurata,Dourada ,58.5
Sparus aurata,Dourada ,49.8
Sparus aurata,Dourada ,78.9
Sparus aurata,Dourada ,59
Sparus aurata,Dourada ,55.3
Sparus aurata,Dourada ,51.6
Sparus aurata,Dourada ,54.6
Sparus aurata,Dourada ,66.4
Sparus aurata,Dourada ,47.2
Sparus aurata,Dourada ,63.4
Sparus aurata,Dourada ,41.9
Sparus aurata,Dourada ,54.6
Sparus aurata,Dourada ,63.8
Sparus aurata,Dourada ,56.4
Sparus aurata,Dourada ,64.9
Sparus aurata,Dourada ,59.9
Sparus aurata,Dourada ,49.9
Sparus aurata,Dourada ,55.2
Sparus aurata,Dourada ,48.4
Sparus aurata,Dourada ,53
Sparus aurata,Dourada ,50.3
Sparus aurata,Dourada ,38.2
Sparus aurata,Dourada ,57.1
Sparus aurata,Dourada ,44.2
Sparus aurata,Dourada ,38.4
Sparus aurata,Dourada ,61.4
Sparus aurata,Dourada ,1.2
Sparus aurata,Dourada ,56.6
Sparus aurata,Dourada ,54.6
Sparus aurata,Dourada ,54.3
Sparus aurata,Dourada ,56.3
Sparus aurata,Dourada ,47.4
Sparus aurata,Dourada ,64.6
Sparus aurata,Dourada ,58.8
Sparus aurata,Dourada ,5.6
Sparus aurata,Dourada ,42.8
Sparus aurata,Dourada ,1.5
Sparus aurata,Dourada ,44.3
Sparus aurata,Dourada ,45
Sparus aurata,Dourada ,63.8
Sparus aurata,Dourada ,53.9
Sparus aurata,Dourada ,75.6
Sparus aurata,Dourada ,77.3
Sparus aurata,Dourada ,76.1
Sparus aurata,Dourada ,72.1
Sparus aurata,Dourada ,99.6
Sparus aurata,Dourada ,80.4
Sparus aurata,Dourada ,65.3
Sparus aurata,Dourada ,80.4
Sparus aurata,Dourada ,71.5
Sparus aurata,Dourada ,83.3
Sparus aurata,Dourada ,77.1
Sparus aurata,Dourada ,30.8
Sparus aurata,Dourada ,77.8
Sparus aurata,Dourada ,78.3
Sparus aurata,Dourada ,87.2
Sparus aurata,Dourada ,86.5
Sparus aurata,Dourada ,75.3
Sparus aurata,Dourada ,74.1
Sparus aurata,Dourada ,78
Sparus aurata,Dourada ,79.7
Sparus aurata,Dourada ,85.5
Sparus aurata,Dourada ,75.4
Sparus aurata,Dourada ,64.9
Sparus aurata,Dourada ,50
Sparus aurata,Dourada ,17.4
Sparus aurata,Dourada ,22.7
Sparus aurata,Dourada ,32
Sparus aurata,Dourada ,24.1
Sparus aurata,Dourada ,11.1
Sparus aurata,Dourada ,80.8
Sparus aurata,Dourada ,96.4
Sparus aurata,Dourada ,96.6
Sparus aurata,Dourada ,89.9
Sparus aurata,Dourada ,94
Sparus aurata,Dourada ,634.9
Sparus aurata,Dourada ,541
Sparus aurata,Dourada ,489.5
Sparus aurata,Dourada ,67
Sparus aurata,Dourada ,60.1
Sparus aurata,Dourada ,47
Sparus aurata,Dourada ,70
Sparus aurata,Dourada ,45.8
Sparus aurata,Dourada ,26.6
Sparus aurata,Dourada ,37
Sparus aurata,Dourada ,34.8
Sparus aurata,Dourada ,14.2
Sparus aurata,Dourada ,27
Sparus aurata,Dourada ,26
Sparus aurata,Dourada ,31.6
Sparus aurata,Dourada ,29.6
Sparus aurata,Dourada ,28.5
Sparus aurata,Dourada ,23.3
Sparus aurata,Dourada ,27.6
Sparus aurata,Dourada ,17
Sparus aurata,Dourada ,102.1
Sparus aurata,Dourada ,103
Sparus aurata,Dourada ,87.5
Sparus aurata,Dourada ,63
Sparus aurata,Dourada ,68.3
Sparus aurata,Dourada ,97
Sparus aurata,Dourada ,108.8
Sparus aurata,Dourada ,123.9
Sparus aurata,Dourada ,105.8
Sparus aurata,Dourada ,123.3
Sparus aurata,Dourada ,625.4
Sparus aurata,Dourada ,113.2
Sparus aurata,Dourada ,291.8
spondyliosoma cantharus,Choupa,35.5
spondyliosoma cantharus,Choupa,101
spondyliosoma cantharus,Choupa,31
spondyliosoma cantharus,Choupa,32
spondyliosoma cantharus,Choupa,36.7
spondyliosoma cantharus,Choupa,25.9
spondyliosoma cantharus,Choupa,37.8
spondyliosoma cantharus,Choupa,26.2
spondyliosoma cantharus,Choupa,23.2
spondyliosoma cantharus,Choupa,19.3
spondyliosoma cantharus,Choupa,111.7
spondyliosoma cantharus,Choupa,31.8
spondyliosoma cantharus,Choupa,29.7
spondyliosoma cantharus,Choupa,32.1
spondyliosoma cantharus,Choupa,40.7
spondyliosoma cantharus,Choupa,37
spondyliosoma cantharus,Choupa,36.8
spondyliosoma cantharus,Choupa,27.9
spondyliosoma cantharus,Choupa,32.4
spondyliosoma cantharus,Choupa,26.8
spondyliosoma cantharus,Choupa,26.2
spondyliosoma cantharus,Choupa,22
spondyliosoma cantharus,Choupa,23.3
spondyliosoma cantharus,Choupa,19.8
spondyliosoma cantharus,Choupa,23.8
spondyliosoma cantharus,Choupa,23.4
spondyliosoma cantharus,Choupa,33.4
spondyliosoma cantharus,Choupa,27.2
spondyliosoma cantharus,Choupa,35.2
spondyliosoma cantharus,Choupa,30.6
spondyliosoma cantharus,Choupa,95.8
spondyliosoma cantharus,Choupa,21
spondyliosoma cantharus,Choupa,79.6
spondyliosoma cantharus,Choupa,35.8
spondyliosoma cantharus,Choupa,32.8
spondyliosoma cantharus,Choupa,85.8
spondyliosoma cantharus,Choupa,95.8
spondyliosoma cantharus,Choupa,129.6
spondyliosoma cantharus,Choupa,100.4
spondyliosoma cantharus,Choupa,97.2
spondyliosoma cantharus,Choupa,94.9
spondyliosoma cantharus,Choupa,95.6
spondyliosoma cantharus,Choupa,19.8
spondyliosoma cantharus,Choupa,31.5
spondyliosoma cantharus,Choupa,34.7
spondyliosoma cantharus,Choupa,28.6
spondyliosoma cantharus,Choupa,36.2
spondyliosoma cantharus,Choupa,34
spondyliosoma cantharus,Choupa,34.8
spondyliosoma cantharus,Choupa,27
spondyliosoma cantharus,Choupa,64.9
spondyliosoma cantharus,Choupa,100.3
spondyliosoma cantharus,Choupa,111.1
spondyliosoma cantharus,Choupa,92
spondyliosoma cantharus,Choupa,97.3
spondyliosoma cantharus,Choupa,33.4
spondyliosoma cantharus,Choupa,104.2
spondyliosoma cantharus,Choupa,87.2
spondyliosoma cantharus,Choupa,35.1
spondyliosoma cantharus,Choupa,29.3
spondyliosoma cantharus,Choupa,92.1
spondyliosoma cantharus,Choupa,112.4
spondyliosoma cantharus,Choupa,24.9
spondyliosoma cantharus,Choupa,31
spondyliosoma cantharus,Choupa,29.7
spondyliosoma cantharus,Choupa,97.8
spondyliosoma cantharus,Choupa,39.1
spondyliosoma cantharus,Choupa,27.5
spondyliosoma cantharus,Choupa,31.8
spondyliosoma cantharus,Choupa,31.5
spondyliosoma cantharus,Choupa,22.5
spondyliosoma cantharus,Choupa,30.4
spondyliosoma cantharus,Choupa,23.5
spondyliosoma cantharus,Choupa,31
spondyliosoma cantharus,Choupa,24.8
spondyliosoma cantharus,Choupa,32.8
spondyliosoma cantharus,Choupa,31.3
spondyliosoma cantharus,Choupa,58.4
spondyliosoma cantharus,Choupa,78.1
spondyliosoma cantharus,Choupa,55.6
spondyliosoma cantharus,Choupa,33.5
spondyliosoma cantharus,Choupa,28.6
spondyliosoma cantharus,Choupa,26.4
spondyliosoma cantharus,Choupa,30
spondyliosoma cantharus,Choupa,33.3
spondyliosoma cantharus,Choupa,31.8
spondyliosoma cantharus,Choupa,24.8
spondyliosoma cantharus,Choupa,30.5
spondyliosoma cantharus,Choupa,28.9
spondyliosoma cantharus,Choupa,28.3
spondyliosoma cantharus,Choupa,42.3
spondyliosoma cantharus,Choupa,32.9
spondyliosoma cantharus,Choupa,23.3
spondyliosoma cantharus,Choupa,33.2
spondyliosoma cantharus,Choupa,33.9
spondyliosoma cantharus,Choupa,38.6
spondyliosoma cantharus,Choupa,32
spondyliosoma cantharus,Choupa,27
spondyliosoma cantharus,Choupa,30.5
spondyliosoma cantharus,Choupa,30
spondyliosoma cantharus,Choupa,30.3
spondyliosoma cantharus,Choupa,27.2
spondyliosoma cantharus,Choupa,29
spondyliosoma cantharus,Choupa,30.3
spondyliosoma cantharus,Choupa,25.2
spondyliosoma cantharus,Choupa,25.5
spondyliosoma cantharus,Choupa,36.6
spondyliosoma cantharus,Choupa,27.3
spondyliosoma cantharus,Choupa,19.1
spondyliosoma cantharus,Choupa,99.7
spondyliosoma cantharus,Choupa,32
spondyliosoma cantharus,Choupa,71.9
spondyliosoma cantharus,Choupa,30.3
spondyliosoma cantharus,Choupa,80.7
spondyliosoma cantharus,Choupa,31.3
spondyliosoma cantharus,Choupa,38.6
spondyliosoma cantharus,Choupa,25.5
spondyliosoma cantharus,Choupa,18.7
spondyliosoma cantharus,Choupa,33.9
spondyliosoma cantharus,Choupa,20.5
spondyliosoma cantharus,Choupa,27.9
spondyliosoma cantharus,Choupa,32
spondyliosoma cantharus,Choupa,35
spondyliosoma cantharus,Choupa,34.5
spondyliosoma cantharus,Choupa,30.8
spondyliosoma cantharus,Choupa,25
spondyliosoma cantharus,Choupa,40.5
spondyliosoma cantharus,Choupa,30.9
spondyliosoma cantharus,Choupa,29.9
spondyliosoma cantharus,Choupa,32.5
spondyliosoma cantharus,Choupa,50.7
spondyliosoma cantharus,Choupa,35.3
spondyliosoma cantharus,Choupa,29.1
spondyliosoma cantharus,Choupa,29.9
spondyliosoma cantharus,Choupa,29.5
spondyliosoma cantharus,Choupa,27.6
spondyliosoma cantharus,Choupa,34.1
spondyliosoma cantharus,Choupa,35
spondyliosoma cantharus,Choupa,33
spondyliosoma cantharus,Choupa,38.4
spondyliosoma cantharus,Choupa,26.1
spondyliosoma cantharus,Choupa,22.4
spondyliosoma cantharus,Choupa,25.9
spondyliosoma cantharus,Choupa,27.7
spondyliosoma cantharus,Choupa,23
spondyliosoma cantharus,Choupa,29.9
spondyliosoma cantharus,Choupa,49.4
spondyliosoma cantharus,Choupa,37.7
spondyliosoma cantharus,Choupa,35.3
spondyliosoma cantharus,Choupa,31.8
spondyliosoma cantharus,Choupa,35.3
spondyliosoma cantharus,Choupa,51.6
spondyliosoma cantharus,Choupa,39.1
spondyliosoma cantharus,Choupa,35.5
spondyliosoma cantharus,Choupa,43.3
spondyliosoma cantharus,Choupa,37.7
spondyliosoma cantharus,Choupa,32.7
spondyliosoma cantharus,Choupa,31
spondyliosoma cantharus,Choupa,34.2
spondyliosoma cantharus,Choupa,36.7
spondyliosoma cantharus,Choupa,33.6
spondyliosoma cantharus,Choupa,27.9
spondyliosoma cantharus,Choupa,40.7
spondyliosoma cantharus,Choupa,22.7
spondyliosoma cantharus,Choupa,26.7
spondyliosoma cantharus,Choupa,29.1
spondyliosoma cantharus,Choupa,33.4
spondyliosoma cantharus,Choupa,55.3
spondyliosoma cantharus,Choupa,31.9
spondyliosoma cantharus,Choupa,36.4
spondyliosoma cantharus,Choupa,33
spondyliosoma cantharus,Choupa,36.6
spondyliosoma cantharus,Choupa,52.6
spondyliosoma cantharus,Choupa,29.6
spondyliosoma cantharus,Choupa,29
spondyliosoma cantharus,Choupa,39
spondyliosoma cantharus,Choupa,38
spondyliosoma cantharus,Choupa,45
spondyliosoma cantharus,Choupa,47.8
spondyliosoma cantharus,Choupa,27.3
spondyliosoma cantharus,Choupa,44.1
spondyliosoma cantharus,Choupa,29
spondyliosoma cantharus,Choupa,43
spondyliosoma cantharus,Choupa,34.5
spondyliosoma cantharus,Choupa,34
spondyliosoma cantharus,Choupa,38.3
spondyliosoma cantharus,Choupa,35.3
spondyliosoma cantharus,Choupa,35.1
spondyliosoma cantharus,Choupa,25.9
spondyliosoma cantharus,Choupa,47.1
spondyliosoma cantharus,Choupa,38.8
spondyliosoma cantharus,Choupa,35.9
spondyliosoma cantharus,Choupa,27.7
spondyliosoma cantharus,Choupa,45.4
spondyliosoma cantharus,Choupa,30.4
spondyliosoma cantharus,Choupa,33.8
spondyliosoma cantharus,Choupa,31.5
spondyliosoma cantharus,Choupa,41
spondyliosoma cantharus,Choupa,37.9
spondyliosoma cantharus,Choupa,37.6
spondyliosoma cantharus,Choupa,24.5
spondyliosoma cantharus,Choupa,34.7
spondyliosoma cantharus,Choupa,28.7
spondyliosoma cantharus,Choupa,34.4
spondyliosoma cantharus,Choupa,37.4
spondyliosoma cantharus,Choupa,31.3
spondyliosoma cantharus,Choupa,31.7
spondyliosoma cantharus,Choupa,28.4
spondyliosoma cantharus,Choupa,34
spondyliosoma cantharus,Choupa,36.9
spondyliosoma cantharus,Choupa,33.4
spondyliosoma cantharus,Choupa,26
spondyliosoma cantharus,Choupa,34.1
spondyliosoma cantharus,Choupa,25.3
spondyliosoma cantharus,Choupa,28.1
spondyliosoma cantharus,Choupa,37.7
spondyliosoma cantharus,Choupa,36.1
spondyliosoma cantharus,Choupa,25.2
spondyliosoma cantharus,Choupa,30.1
spondyliosoma cantharus,Choupa,31.1
spondyliosoma cantharus,Choupa,30
spondyliosoma cantharus,Choupa,34.3
spondyliosoma cantharus,Choupa,26
spondyliosoma cantharus,Choupa,36.8
spondyliosoma cantharus,Choupa,71.4
spondyliosoma cantharus,Choupa,20.7
spondyliosoma cantharus,Choupa,24
spondyliosoma cantharus,Choupa,31.3
spondyliosoma cantharus,Choupa,43.4
spondyliosoma cantharus,Choupa,36.9
spondyliosoma cantharus,Choupa,27.4
spondyliosoma cantharus,Choupa,34.8
spondyliosoma cantharus,Choupa,27.4
spondyliosoma cantharus,Choupa,31.9
spondyliosoma cantharus,Choupa,108.7
spondyliosoma cantharus,Choupa,68.2
spondyliosoma cantharus,Choupa,34.4
spondyliosoma cantharus,Choupa,32
spondyliosoma cantharus,Choupa,32.2
spondyliosoma cantharus,Choupa,36.7
spondyliosoma cantharus,Choupa,37.1
spondyliosoma cantharus,Choupa,27.6
spondyliosoma cantharus,Choupa,36.5
spondyliosoma cantharus,Choupa,36.3
spondyliosoma cantharus,Choupa,33
spondyliosoma cantharus,Choupa,30.6
spondyliosoma cantharus,Choupa,24.6
spondyliosoma cantharus,Choupa,30.1
spondyliosoma cantharus,Choupa,35.3
spondyliosoma cantharus,Choupa,25.9
spondyliosoma cantharus,Choupa,30.9
spondyliosoma cantharus,Choupa,32.4
spondyliosoma cantharus,Choupa,41.1
spondyliosoma cantharus,Choupa,36.5
spondyliosoma cantharus,Choupa,36.6
spondyliosoma cantharus,Choupa,32
spondyliosoma cantharus,Choupa,33.6
spondyliosoma cantharus,Choupa,29.1
spondyliosoma cantharus,Choupa,37.4
spondyliosoma cantharus,Choupa,24.5
spondyliosoma cantharus,Choupa,33.6
spondyliosoma cantharus,Choupa,27.7
spondyliosoma cantharus,Choupa,32.7
spondyliosoma cantharus,Choupa,25.1
spondyliosoma cantharus,Choupa,29.4
spondyliosoma cantharus,Choupa,22.5
spondyliosoma cantharus,Choupa,37.2
spondyliosoma cantharus,Choupa,30.8
spondyliosoma cantharus,Choupa,29.4
spondyliosoma cantharus,Choupa,35.9
spondyliosoma cantharus,Choupa,34.3
spondyliosoma cantharus,Choupa,24
spondyliosoma cantharus,Choupa,29.4
spondyliosoma cantharus,Choupa,33.8
spondyliosoma cantharus,Choupa,31.4
spondyliosoma cantharus,Choupa,33.8
spondyliosoma cantharus,Choupa,33
spondyliosoma cantharus,Choupa,28.9
spondyliosoma cantharus,Choupa,34
spondyliosoma cantharus,Choupa,39
spondyliosoma cantharus,Choupa,32.1
spondyliosoma cantharus,Choupa,30.7
spondyliosoma cantharus,Choupa,29.5
spondyliosoma cantharus,Choupa,36.8
spondyliosoma cantharus,Choupa,27
spondyliosoma cantharus,Choupa,29.7
spondyliosoma cantharus,Choupa,37.7
spondyliosoma cantharus,Choupa,36
spondyliosoma cantharus,Choupa,29.3
spondyliosoma cantharus,Choupa,39.6
spondyliosoma cantharus,Choupa,37.8
spondyliosoma cantharus,Choupa,35.7
spondyliosoma cantharus,Choupa,26.4
spondyliosoma cantharus,Choupa,31.9
spondyliosoma cantharus,Choupa,29.6
spondyliosoma cantharus,Choupa,27.7
spondyliosoma cantharus,Choupa,35.5
spondyliosoma cantharus,Choupa,37.6
spondyliosoma cantharus,Choupa,26.7
spondyliosoma cantharus,Choupa,25.7
spondyliosoma cantharus,Choupa,43.8
spondyliosoma cantharus,Choupa,28.2
spondyliosoma cantharus,Choupa,36.6
spondyliosoma cantharus,Choupa,28
spondyliosoma cantharus,Choupa,37
spondyliosoma cantharus,Choupa,34
spondyliosoma cantharus,Choupa,42.6
spondyliosoma cantharus,Choupa,14.2
spondyliosoma cantharus,Choupa,37.3
spondyliosoma cantharus,Choupa,21.5
spondyliosoma cantharus,Choupa,18.9
spondyliosoma cantharus,Choupa,24.7
spondyliosoma cantharus,Choupa,38.2
spondyliosoma cantharus,Choupa,37.2
spondyliosoma cantharus,Choupa,40.8
spondyliosoma cantharus,Choupa,34.2
spondyliosoma cantharus,Choupa,32.1
spondyliosoma cantharus,Choupa,48.6
spondyliosoma cantharus,Choupa,26.6
spondyliosoma cantharus,Choupa,32.6
spondyliosoma cantharus,Choupa,38.7
spondyliosoma cantharus,Choupa,35.6
spondyliosoma cantharus,Choupa,28.3
spondyliosoma cantharus,Choupa,37.7
spondyliosoma cantharus,Choupa,37.5
spondyliosoma cantharus,Choupa,51.1
spondyliosoma cantharus,Choupa,36.5
spondyliosoma cantharus,Choupa,36.2
spondyliosoma cantharus,Choupa,43.5
spondyliosoma cantharus,Choupa,36.4
spondyliosoma cantharus,Choupa,34.2
spondyliosoma cantharus,Choupa,34.4
spondyliosoma cantharus,Choupa,33.4
spondyliosoma cantharus,Choupa,40.2
spondyliosoma cantharus,Choupa,30.7
spondyliosoma cantharus,Choupa,32.1
spondyliosoma cantharus,Choupa,36.3
spondyliosoma cantharus,Choupa,39.9
spondyliosoma cantharus,Choupa,37.2
spondyliosoma cantharus,Choupa,32.3
spondyliosoma cantharus,Choupa,25.4
spondyliosoma cantharus,Choupa,45.2
spondyliosoma cantharus,Choupa,38.5
spondyliosoma cantharus,Choupa,37.1
spondyliosoma cantharus,Choupa,41
spondyliosoma cantharus,Choupa,32.5
spondyliosoma cantharus,Choupa,57.4
spondyliosoma cantharus,Choupa,63.3
spondyliosoma cantharus,Choupa,46.2
spondyliosoma cantharus,Choupa,117.2
spondyliosoma cantharus,Choupa,54.2
spondyliosoma cantharus,Choupa,54.1
spondyliosoma cantharus,Choupa,42.7
spondyliosoma cantharus,Choupa,126.7
spondyliosoma cantharus,Choupa,118.2
spondyliosoma cantharus,Choupa,98.2
spondyliosoma cantharus,Choupa,110.3
spondyliosoma cantharus,Choupa,125.1
spondyliosoma cantharus,Choupa,103.6
spondyliosoma cantharus,Choupa,138.2
spondyliosoma cantharus,Choupa,42.3
spondyliosoma cantharus,Choupa,147.2
spondyliosoma cantharus,Choupa,53.2
spondyliosoma cantharus,Choupa,54.1
spondyliosoma cantharus,Choupa,141.7
spondyliosoma cantharus,Choupa,156.5
spondyliosoma cantharus,Choupa,47.3
spondyliosoma cantharus,Choupa,101.1
spondyliosoma cantharus,Choupa,123.3
spondyliosoma cantharus,Choupa,55
spondyliosoma cantharus,Choupa,123.1
spondyliosoma cantharus,Choupa,41.1
spondyliosoma cantharus,Choupa,27
spondyliosoma cantharus,Choupa,34.7
spondyliosoma cantharus,Choupa,30.4
spondyliosoma cantharus,Choupa,37.6
spondyliosoma cantharus,Choupa,40.4
spondyliosoma cantharus,Choupa,42.7
spondyliosoma cantharus,Choupa,35.2
spondyliosoma cantharus,Choupa,29
spondyliosoma cantharus,Choupa,31.7
spondyliosoma cantharus,Choupa,89
spondyliosoma cantharus,Choupa,28.9
spondyliosoma cantharus,Choupa,37.6
spondyliosoma cantharus,Choupa,42.6
spondyliosoma cantharus,Choupa,111.4
spondyliosoma cantharus,Choupa,34.2
spondyliosoma cantharus,Choupa,40.5
spondyliosoma cantharus,Choupa,124.5
spondyliosoma cantharus,Choupa,148.2
spondyliosoma cantharus,Choupa,93.8
spondyliosoma cantharus,Choupa,43.5
spondyliosoma cantharus,Choupa,43
spondyliosoma cantharus,Choupa,33
spondyliosoma cantharus,Choupa,38
spondyliosoma cantharus,Choupa,40.5
spondyliosoma cantharus,Choupa,35.4
spondyliosoma cantharus,Choupa,29.3
spondyliosoma cantharus,Choupa,36.9
spondyliosoma cantharus,Choupa,31.8
spondyliosoma cantharus,Choupa,34
spondyliosoma cantharus,Choupa,43.2
spondyliosoma cantharus,Choupa,48
spondyliosoma cantharus,Choupa,58.6
spondyliosoma cantharus,Choupa,50.1
spondyliosoma cantharus,Choupa,44.8
spondyliosoma cantharus,Choupa,58.1
spondyliosoma cantharus,Choupa,43.7
spondyliosoma cantharus,Choupa,39
spondyliosoma cantharus,Choupa,43.1
spondyliosoma cantharus,Choupa,129.3
spondyliosoma cantharus,Choupa,110.6
spondyliosoma cantharus,Choupa,6.3
spondyliosoma cantharus,Choupa,7.8
spondyliosoma cantharus,Choupa,7.4
spondyliosoma cantharus,Choupa,8.3
spondyliosoma cantharus,Choupa,7.8
spondyliosoma cantharus,Choupa,8.1
spondyliosoma cantharus,Choupa,34.8
spondyliosoma cantharus,Choupa,8
spondyliosoma cantharus,Choupa,6.7
spondyliosoma cantharus,Choupa,9.5
spondyliosoma cantharus,Choupa,9.9
spondyliosoma cantharus,Choupa,9.9
spondyliosoma cantharus,Choupa,10.8
spondyliosoma cantharus,Choupa,6.2
spondyliosoma cantharus,Choupa,9.8
spondyliosoma cantharus,Choupa,7.5
spondyliosoma cantharus,Choupa,9.3
spondyliosoma cantharus,Choupa,8.3
spondyliosoma cantharus,Choupa,8.2
spondyliosoma cantharus,Choupa,8.1
spondyliosoma cantharus,Choupa,10.2
spondyliosoma cantharus,Choupa,7.9
spondyliosoma cantharus,Choupa,7.8
spondyliosoma cantharus,Choupa,7.6
spondyliosoma cantharus,Choupa,6.4
spondyliosoma cantharus,Choupa,10
spondyliosoma cantharus,Choupa,8.9
spondyliosoma cantharus,Choupa,7.8
spondyliosoma cantharus,Choupa,6.7
spondyliosoma cantharus,Choupa,8.4
spondyliosoma cantharus,Choupa,5.8
spondyliosoma cantharus,Choupa,7.8
spondyliosoma cantharus,Choupa,6.5
spondyliosoma cantharus,Choupa,6.7
spondyliosoma cantharus,Choupa,3.9
spondyliosoma cantharus,Choupa,7.3
spondyliosoma cantharus,Choupa,9
spondyliosoma cantharus,Choupa,9.1
spondyliosoma cantharus,Choupa,6.2
spondyliosoma cantharus,Choupa,10.4
spondyliosoma cantharus,Choupa,87.9
Dicentrarchus punctatus,baila,5.4
Dicentrarchus punctatus,baila,14.9
Dicentrarchus punctatus,baila,5.3
Dicentrarchus punctatus,baila,6.8
Dicentrarchus punctatus,baila,9.2
Dicentrarchus punctatus,baila,10.5
Dicentrarchus punctatus,baila,5.6
Dicentrarchus punctatus,baila,3.9
Dicentrarchus punctatus,baila,6.7
Halobatrachus didactylus,toadfish,53.5
Halobatrachus didactylus,toadfish,94.9
Halobatrachus didactylus,toadfish,117.8
Halobatrachus didactylus,toadfish,59.9
Halobatrachus didactylus,toadfish,56.6
Halobatrachus didactylus,toadfish,102.9
Halobatrachus didactylus,toadfish,65.1
Halobatrachus didactylus,toadfish,296.1
Halobatrachus didactylus,toadfish,115
Halobatrachus didactylus,toadfish,69.1
Halobatrachus didactylus,toadfish,40.6
Halobatrachus didactylus,toadfish,70.2
Halobatrachus didactylus,toadfish,43.6
Halobatrachus didactylus,toadfish,51
Halobatrachus didactylus,toadfish,46.4
Halobatrachus didactylus,toadfish,32.7
Halobatrachus didactylus,toadfish,25.6
Halobatrachus didactylus,toadfish,25.9
Halobatrachus didactylus,toadfish,23.7
Halobatrachus didactylus,toadfish,23.1
Halobatrachus didactylus,toadfish,15.1
Halobatrachus didactylus,toadfish,5.8
Halobatrachus didactylus,toadfish,7.8
Halobatrachus didactylus,toadfish,6.4
Halobatrachus didactylus,toadfish,6.1
Halobatrachus didactylus,toadfish,77.6
Halobatrachus didactylus,toadfish,76.2
Halobatrachus didactylus,toadfish,41.6
Halobatrachus didactylus,toadfish,32.8
Halobatrachus didactylus,toadfish,37.4
Halobatrachus didactylus,toadfish,23.8
Halobatrachus didactylus,toadfish,41.6
Halobatrachus didactylus,toadfish,56.8
Halobatrachus didactylus,toadfish,37.2
Halobatrachus didactylus,toadfish,67.4
Halobatrachus didactylus,toadfish,51.9
Halobatrachus didactylus,toadfish,60
Halobatrachus didactylus,toadfish,57.8
Halobatrachus didactylus,toadfish,64.9
Halobatrachus didactylus,toadfish,85.2
Halobatrachus didactylus,toadfish,51.9
Halobatrachus didactylus,toadfish,23.2
Halobatrachus didactylus,toadfish,46.5
Halobatrachus didactylus,toadfish,26.4
Halobatrachus didactylus,toadfish,40
Halobatrachus didactylus,toadfish,56.3
Halobatrachus didactylus,toadfish,52.6
Halobatrachus didactylus,toadfish,7.6
Halobatrachus didactylus,toadfish,4.1
Halobatrachus didactylus,toadfish,73.1
Halobatrachus didactylus,toadfish,94.5
Halobatrachus didactylus,toadfish,42.4
Halobatrachus didactylus,toadfish,102.3
Halobatrachus didactylus,toadfish,173.2
Halobatrachus didactylus,toadfish,76.2
Halobatrachus didactylus,toadfish,81.5
Halobatrachus didactylus,toadfish,54.6
Halobatrachus didactylus,toadfish,125.7
Halobatrachus didactylus,toadfish,123
Halobatrachus didactylus,toadfish,93.9
Anguilla anguilla,Eel,1037.5
Anguilla anguilla,Eel,1268.5
Anguilla anguilla,Eel,151.6
Anguilla anguilla,Eel,110.5
Anguilla anguilla,Eel,38.7
Anguilla anguilla,Eel,42.7
Anguilla anguilla,Eel,156.3
Anguilla anguilla,Eel,51.5
Anguilla anguilla,Eel,31.4
Anguilla anguilla,Eel,24.4
Anguilla anguilla,Eel,38.2
Anguilla anguilla,Eel,70
Anguilla anguilla,Eel,18.4
Dentex dentex,Pargo,961.3
Belone belone,garfish,151.6
Dicentrarchus labrax,Seabass,16.7
Solea senegalensis,sole,107.2
Solea senegalensis,sole,138.8
Solea senegalensis,sole,186.9
Diplodus annullaris,Mucharra,14.2
Diplodus annullaris,Mucharra,21.6
Diplodus annullaris,Mucharra,26.8
Diplodus annullaris,Mucharra,75.4
Diplodus annullaris,Mucharra,62.9
Diplodus annullaris,Mucharra,39.4
Diplodus annullaris,Mucharra,31.8
Diplodus annullaris,Mucharra,55.8
Diplodus annullaris,Mucharra,32.6
Diplodus annullaris,Mucharra,33.7
Diplodus annullaris,Mucharra,44.6
Diplodus annullaris,Mucharra,65.5
Diplodus annullaris,Mucharra,45.1
Diplodus annullaris,Mucharra,37.8
Diplodus annullaris,Mucharra,35.8
Diplodus annullaris,Mucharra,77.2
Diplodus annullaris,Mucharra,38
Diplodus annullaris,Mucharra,11.9
Diplodus annullaris,Mucharra,10.2
Diplodus annullaris,Mucharra,20.9
Diplodus annullaris,Mucharra,108.6
Diplodus annullaris,Mucharra,82.7
Diplodus annullaris,Mucharra,81.6
Diplodus annullaris,Mucharra,39.8
Diplodus annullaris,Mucharra,35.5
Diplodus annullaris,Mucharra,86
Diplodus annullaris,Mucharra,60.2
Diplodus annullaris,Mucharra,82.6
Diplodus annullaris,Mucharra,77.7
Diplodus annullaris,Mucharra,8.3
Diplodus annullaris,Mucharra,15.1
Diplodus annullaris,Mucharra,16.4
Diplodus annullaris,Mucharra,12.3
Diplodus annullaris,Mucharra,17.8
Diplodus annullaris,Mucharra,6.3
Diplodus annullaris,Mucharra,11
Diplodus annullaris,Mucharra,6
Diplodus annullaris,Mucharra,7
Diplodus annullaris,Mucharra,13.7
Diplodus annullaris,Mucharra,15.5
Diplodus annullaris,Mucharra,6.8
Diplodus annullaris,Mucharra,9.9
Diplodus annullaris,Mucharra,3.8
Diplodus annullaris,Mucharra,9.2
Diplodus annullaris,Mucharra,11.4
Diplodus annullaris,Mucharra,6.3
Diplodus annullaris,Mucharra,9.8
Diplodus annullaris,Mucharra,9.2
Diplodus annullaris,Mucharra,15.2
Diplodus annullaris,Mucharra,9.7
Diplodus annullaris,Mucharra,15.8
Diplodus annullaris,Mucharra,12.3
Diplodus annullaris,Mucharra,5.3
Diplodus annullaris,Mucharra,3.5
Diplodus annullaris,Mucharra,5.8
Diplodus annullaris,Mucharra,12.9
Diplodus annullaris,Mucharra,7.2
Diplodus annullaris,Mucharra,8.8
Diplodus annullaris,Mucharra,10.2
Diplodus annullaris,Mucharra,12.9
Diplodus annullaris,Mucharra,11.4
Diplodus annullaris,Mucharra,5.6
Diplodus annullaris,Mucharra,4.2
Diplodus annullaris,Mucharra,63.6
Diplodus annullaris,Mucharra,85.3
Diplodus annullaris,Mucharra,12.4
Diplodus annullaris,Mucharra,12
Diplodus annullaris,Mucharra,3.7
Diplodus annullaris,Mucharra,11.6
Diplodus annullaris,Mucharra,14.3
Diplodus annullaris,Mucharra,12.6
Diplodus annullaris,Mucharra,24.2
Diplodus annullaris,Mucharra,22.4
Diplodus annullaris,Mucharra,22
Diplodus annullaris,Mucharra,21.4
Diplodus annullaris,Mucharra,19
Diplodus annullaris,Mucharra,14.4
Diplodus annullaris,Mucharra,24
Diplodus annullaris,Mucharra,79.1
Diplodus annullaris,Mucharra,23.5
Diplodus annullaris,Mucharra,20
Diplodus annullaris,Mucharra,65
Diplodus annullaris,Mucharra,25.2
Diplodus annullaris,Mucharra,24
Diplodus annullaris,Mucharra,13.8
Diplodus annullaris,Mucharra,22.3
Diplodus annullaris,Mucharra,22.3
Diplodus annullaris,Mucharra,13.4
Diplodus annullaris,Mucharra,32.7
Diplodus annullaris,Mucharra,21
Diplodus annullaris,Mucharra,78.1
Diplodus annullaris,Mucharra,88.3
Diplodus annullaris,Mucharra,101.4
Diplodus annullaris,Mucharra,24.5
Diplodus annullaris,Mucharra,23.2
Diplodus annullaris,Mucharra,20.2
Diplodus annullaris,Mucharra,17.4
Diplodus annullaris,Mucharra,17
Diplodus annullaris,Mucharra,10.5
Diplodus annullaris,Mucharra,22.3
Diplodus annullaris,Mucharra,18.3
Diplodus annullaris,Mucharra,20.5
Diplodus annullaris,Mucharra,25.1
Diplodus annullaris,Mucharra,19.2
Diplodus annullaris,Mucharra,14
Diplodus annullaris,Mucharra,16.5
Diplodus annullaris,Mucharra,13.8
Diplodus annullaris,Mucharra,18.3
Diplodus annullaris,Mucharra,18
Diplodus annullaris,Mucharra,25.8
Diplodus annullaris,Mucharra,22
Diplodus annullaris,Mucharra,14.1
Diplodus annullaris,Mucharra,25.1
Diplodus annullaris,Mucharra,27.1
Diplodus annullaris,Mucharra,22.5
Diplodus annullaris,Mucharra,15.6
Diplodus annullaris,Mucharra,22.2
Diplodus annullaris,Mucharra,8
Diplodus annullaris,Mucharra,7.9
Diplodus annullaris,Mucharra,17.8
Diplodus annullaris,Mucharra,17.7
Diplodus annullaris,Mucharra,8.5
Diplodus annullaris,Mucharra,18
Diplodus annullaris,Mucharra,24
Diplodus annullaris,Mucharra,19.3
Diplodus annullaris,Mucharra,21.1
Diplodus annullaris,Mucharra,31.6
Diplodus annullaris,Mucharra,8.6
Diplodus annullaris,Mucharra,18.4
Diplodus annullaris,Mucharra,22
Diplodus annullaris,Mucharra,17.7
Diplodus annullaris,Mucharra,30
Diplodus annullaris,Mucharra,31.0
Diplodus annullaris,Mucharra,25.4
Diplodus annullaris,Mucharra,28.3
Diplodus annullaris,Mucharra,21.9
Diplodus annullaris,Mucharra,28.4
Diplodus annullaris,Mucharra,32.6
Diplodus annullaris,Mucharra,28.3
Diplodus annullaris,Mucharra,29.2
Diplodus annullaris,Mucharra,29.4
Diplodus annullaris,Mucharra,31.9
Diplodus annullaris,Mucharra,33.5
Diplodus annullaris,Mucharra,27.3
Diplodus annullaris,Mucharra,24.8
Diplodus annullaris,Mucharra,32.0
Diplodus annullaris,Mucharra,31.3
Diplodus annullaris,Mucharra,26.2
Diplodus annullaris,Mucharra,25.5
Diplodus annullaris,Mucharra,27.6
Diplodus annullaris,Mucharra,27.6
Diplodus annullaris,Mucharra,23.1
Diplodus annullaris,Mucharra,28.3
Diplodus annullaris,Mucharra,24.1
Diplodus annullaris,Mucharra,29.5
Diplodus annullaris,Mucharra,31.5
Diplodus annullaris,Mucharra,32.0
Diplodus annullaris,Mucharra,26.3
Diplodus annullaris,Mucharra,34.0
Diplodus annullaris,Mucharra,29.9
Diplodus annullaris,Mucharra,33.0
Diplodus annullaris,Mucharra,29.1
Diplodus annullaris,Mucharra,27.0
Diplodus annullaris,Mucharra,25.5
Diplodus annullaris,Mucharra,30.0
Diplodus annullaris,Mucharra,32.7
Diplodus annullaris,Mucharra,27.2
Diplodus annullaris,Mucharra,27.7
Diplodus annullaris,Mucharra,29.8
Diplodus annullaris,Mucharra,31.3
Diplodus annullaris,Mucharra,24.0
Diplodus annullaris,Mucharra,24.0
Diplodus annullaris,Mucharra,30.4
Diplodus annullaris,Mucharra,30.4
Diplodus annullaris,Mucharra,28.9
Diplodus annullaris,Mucharra,32.1
Diplodus annullaris,Mucharra,26.6
Diplodus annullaris,Mucharra,22.8
Diplodus annullaris,Mucharra,29.6
Diplodus annullaris,Mucharra,25.5
Diplodus annullaris,Mucharra,24.0
Diplodus annullaris,Mucharra,32.2
Diplodus annullaris,Mucharra,31.7
Diplodus annullaris,Mucharra,25.6
Diplodus annullaris,Mucharra,27.2
Diplodus annullaris,Mucharra,66.5
Diplodus annullaris,Mucharra,29.6
Diplodus annullaris,Mucharra,32.4
Diplodus annullaris,Mucharra,26.4
Diplodus annullaris,Mucharra,24.4
Diplodus annullaris,Mucharra,31.6
Diplodus annullaris,Mucharra,25.0
Diplodus annullaris,Mucharra,22.1
Diplodus annullaris,Mucharra,28.3
Diplodus annullaris,Mucharra,27.8
Diplodus annullaris,Mucharra,29.8
Diplodus annullaris,Mucharra,34.1
Diplodus annullaris,Mucharra,26.4
Diplodus annullaris,Mucharra,25.4
Diplodus annullaris,Mucharra,24.4
Diplodus annullaris,Mucharra,31.5
Diplodus annullaris,Mucharra,27.0
Diplodus annullaris,Mucharra,31.5
Diplodus annullaris,Mucharra,29.0
Diplodus annullaris,Mucharra,28.8
Diplodus annullaris,Mucharra,26.6
Diplodus annullaris,Mucharra,33.3
Diplodus annullaris,Mucharra,24.7
Diplodus annullaris,Mucharra,33.3
Diplodus annullaris,Mucharra,24.0
Diplodus annullaris,Mucharra,29.4
Diplodus annullaris,Mucharra,31.2
Diplodus annullaris,Mucharra,27.7
Diplodus annullaris,Mucharra,27.5
Diplodus annullaris,Mucharra,23.4
Diplodus annullaris,Mucharra,25.6
Diplodus annullaris,Mucharra,29.0
Diplodus annullaris,Mucharra,29.4
Diplodus annullaris,Mucharra,28.8
Diplodus annullaris,Mucharra,26.6
Diplodus annullaris,Mucharra,33.7
Diplodus annullaris,Mucharra,29.6
Diplodus annullaris,Mucharra,90.6
Diplodus annullaris,Mucharra,71.3
Diplodus annullaris,Mucharra,68.4
Diplodus annullaris,Mucharra,104.0
Diplodus annullaris,Mucharra,83.1
Diplodus annullaris,Mucharra,37.2
Diplodus annullaris,Mucharra,20.3
Diplodus annullaris,Mucharra,28.4
Diplodus annullaris,Mucharra,32.8
Diplodus annullaris,Mucharra,29.8
Diplodus annullaris,Mucharra,32.0
Diplodus annullaris,Mucharra,27.7
Diplodus annullaris,Mucharra,23.8
Diplodus annullaris,Mucharra,30.6
Diplodus annullaris,Mucharra,21.8
Diplodus annullaris,Mucharra,21.2
Diplodus annullaris,Mucharra,26.2
Diplodus annullaris,Mucharra,30.5
Diplodus annullaris,Mucharra,27.8
Diplodus annullaris,Mucharra,25.1
Diplodus annullaris,Mucharra,28.0
Diplodus annullaris,Mucharra,33.5
Diplodus annullaris,Mucharra,58.0
Diplodus annullaris,Mucharra,26.0
Diplodus annullaris,Mucharra,28.6
Diplodus annullaris,Mucharra,26.6
Diplodus annullaris,Mucharra,32.6
Diplodus annullaris,Mucharra,30.6
Diplodus annullaris,Mucharra,32.4
Diplodus annullaris,Mucharra,22.1
Diplodus annullaris,Mucharra,31.1
Diplodus annullaris,Mucharra,29.3
Diplodus annullaris,Mucharra,32.6
Diplodus annullaris,Mucharra,29.3
Diplodus annullaris,Mucharra,20.7
Diplodus annullaris,Mucharra,29.0
Diplodus annullaris,Mucharra,25.9
Diplodus annullaris,Mucharra,31.9
Diplodus annullaris,Mucharra,30.2
Diplodus annullaris,Mucharra,28.1
Diplodus vulgaris,Safia,99.7
Diplodus vulgaris,Safia,106.9
Diplodus vulgaris,Safia,89.2
Diplodus vulgaris,Safia,394.1
Diplodus vulgaris,Safia,423.2
Diplodus vulgaris,Safia,107.5
Diplodus vulgaris,Safia,59
Diplodus vulgaris,Safia,68.6
Diplodus vulgaris,Safia,67.6
Diplodus vulgaris,Safia,3.7
Diplodus vulgaris,Safia,2.6
Diplodus vulgaris,Safia,4.2
Diplodus vulgaris,Safia,2.2
Diplodus vulgaris,Safia,4.8
Diplodus vulgaris,Safia,4.6
Diplodus vulgaris,Safia,63.8
Diplodus vulgaris,Safia,7.4
Diplodus vulgaris,Safia,16.5
Diplodus vulgaris,Safia,306.4
Diplodus vulgaris,Safia,101.7
Diplodus vulgaris,Safia,266
Diplodus vulgaris,Safia,88.7
Diplodus vulgaris,Safia,108.3
Diplodus vulgaris,Safia,114.9
Diplodus vulgaris,Safia,30
Diplodus vulgaris,Safia,17.5
Diplodus vulgaris,Safia,112.9
Diplodus vulgaris,Safia,329.8
Diplodus vulgaris,Safia,116.6
Diplodus vulgaris,Safia,192
Diplodus vulgaris,Safia,296
Diplodus vulgaris,Safia,375.3
Diplodus vulgaris,Safia,390.3
Diplodus vulgaris,Safia,113.2
Diplodus vulgaris,Safia,95.7
Diplodus vulgaris,Safia,30
Diplodus vulgaris,Safia,17.5
Diplodus vulgaris,Safia,112.9
Diplodus vulgaris,Safia,329.8
Diplodus vulgaris,Safia,116.6
Diplodus vulgaris,Safia,192
Diplodus vulgaris,Safia,296
Diplodus vulgaris,Safia,22.6
Diplodus vulgaris,Safia,37.1
Diplodus vulgaris,Safia,24.2
Diplodus vulgaris,Safia,25.7
Diplodus vulgaris,Safia,32.5
Diplodus vulgaris,Safia,23.7
Diplodus vulgaris,Safia,23.8
Diplodus vulgaris,Safia,31.2
Diplodus vulgaris,Safia,24.4
Diplodus vulgaris,Safia,33.2
Diplodus vulgaris,Safia,33.4
Diplodus vulgaris,Safia,18.8
Diplodus vulgaris,Safia,18
Diplodus vulgaris,Safia,34.8
Diplodus vulgaris,Safia,416.7
Diplodus vulgaris,Safia,357.8
Diplodus vulgaris,Safia,265.2
Diplodus vulgaris,Safia,123.6
Diplodus vulgaris,Safia,137.2
Diplodus vulgaris,Safia,132.7
Diplodus vulgaris,Safia,131.4
Diplodus vulgaris,Safia,103.4
Diplodus vulgaris,Safia,125.7
Atherina cf. boyeri,silverside,7.1
Atherina cf. boyeri,silverside,4.6
Atherina cf. boyeri,silverside,4.6
Atherina cf. boyeri,silverside,4.7
Atherina cf. boyeri,silverside,4.6
Atherina cf. boyeri,silverside,4.7
Atherina cf. boyeri,silverside,8
Atherina cf. boyeri,silverside,5.4
Atherina cf. boyeri,silverside,1.8
Atherina cf. boyeri,silverside,7
Atherina cf. boyeri,silverside,1
Atherina cf. boyeri,silverside,5.8
Atherina cf. boyeri,silverside,1.3
Atherina cf. boyeri,silverside,2.6
Atherina cf. boyeri,silverside,1.5
Atherina cf. boyeri,silverside,5.6
Atherina cf. boyeri,silverside,4.2
Atherina cf. boyeri,silverside,1.8
Atherina cf. boyeri,silverside,4.3
Atherina cf. boyeri,silverside,2.3
Atherina cf. boyeri,silverside,5.9
Atherina cf. boyeri,silverside,4.6
Atherina cf. boyeri,silverside,2.4
Atherina cf. boyeri,silverside,6.1
Atherina cf. boyeri,silverside,1.3
Atherina cf. boyeri,silverside,1.6
Atherina cf. boyeri,silverside,5.8
Atherina cf. boyeri,silverside,4.5
Atherina cf. boyeri,silverside,2.7
Atherina cf. boyeri,silverside,4.4
Atherina cf. boyeri,silverside,1.5
Atherina cf. boyeri,silverside,2
Atherina cf. boyeri,silverside,2.5
Atherina cf. boyeri,silverside,1.1
Atherina cf. boyeri,silverside,1.4
Atherina cf. boyeri,silverside,1.7
Atherina cf. boyeri,silverside,1.3
Atherina cf. boyeri,silverside,2.3
Atherina cf. boyeri,silverside,1.8
Atherina cf. boyeri,silverside,3.2
Atherina cf. boyeri,silverside,1.2
Atherina cf. boyeri,silverside,1.1
Atherina cf. boyeri,silverside,1.1
Atherina cf. boyeri,silverside,1.6
Atherina cf. boyeri,silverside,4.7
Atherina cf. boyeri,silverside,1.3
Mullus barbatus,red mullet,131.6
Mullus barbatus,red mullet,55.4
Mullus barbatus,red mullet,77
Mullus barbatus,red mullet,86.2
Mullus barbatus,red mullet,79.3
Mullus barbatus,red mullet,56.5
Mullus barbatus,red mullet,89.5
Mullus barbatus,red mullet,54.6
Mullus barbatus,red mullet,61.2
Mullus barbatus,red mullet,64.8
Mullus barbatus,red mullet,54.4
Mullus barbatus,red mullet,55.9
Mullus barbatus,red mullet,55.8
Mullus barbatus,red mullet,59.6
Mullus barbatus,red mullet,87.3
Mullus barbatus,red mullet,105.2
Mullus barbatus,red mullet,57.6
Mullus barbatus,red mullet,79.9
Mullus barbatus,red mullet,59.7
Mullus barbatus,red mullet,61.2
Mullus barbatus,red mullet,48.2
Mullus barbatus,red mullet,98.3
Mullus barbatus,red mullet,42.4
Mullus barbatus,red mullet,94.9
Mullus barbatus,red mullet,58.3
Mullus barbatus,red mullet,61.4
Mullus barbatus,red mullet,97.2
Mullus barbatus,red mullet,58.9
Mullus barbatus,red mullet,93.4
Mullus barbatus,red mullet,91.2
Mullus barbatus,red mullet,136.7
Mullus barbatus,red mullet,91.7
Mullus barbatus,red mullet,65.4
Mullus barbatus,red mullet,44.2
Mullus barbatus,red mullet,92.2
Mullus barbatus,red mullet,5.7
Mullus barbatus,red mullet,119.9
Mullus barbatus,red mullet,103
Mullus barbatus,red mullet,118.4
Mullus barbatus,red mullet,119.3
Mullus barbatus,red mullet,95.3
Mullus barbatus,red mullet,110.1
Mullus barbatus,red mullet,123.8
Mullus barbatus,red mullet,42.2
Mullus barbatus,red mullet,200.5
Diplodus sargus,Sargo,333.6
Diplodus sargus,Sargo,43.3
Diplodus sargus,Sargo,17.1
Diplodus sargus,Sargo,15.9
Diplodus sargus,Sargo,13.8
Diplodus sargus,Sargo,14.4
Diplodus sargus,Sargo,11.2
Diplodus sargus,Sargo,15.6
Diplodus sargus,Sargo,13.5
Diplodus sargus,Sargo,13.2
Diplodus sargus,Sargo,3.3
Diplodus sargus,Sargo,10
Diplodus sargus,Sargo,10.6
Diplodus sargus,Sargo,6.5
Diplodus sargus,Sargo,12.7
Diplodus sargus,Sargo,9.8
Diplodus sargus,Sargo,11.3
Diplodus sargus,Sargo,14.2
Diplodus sargus,Sargo,4.6
Diplodus sargus,Sargo,10.6
Diplodus sargus,Sargo,12.8
Diplodus sargus,Sargo,5.4
Diplodus sargus,Sargo,10.1
Diplodus sargus,Sargo,12
Diplodus sargus,Sargo,4.3
Diplodus sargus,Sargo,6.2
Diplodus sargus,Sargo,5.2
Diplodus sargus,Sargo,23.7
Diplodus sargus,Sargo,41.3
Diplodus sargus,Sargo,51
Diplodus sargus,Sargo,39.5
Diplodus sargus,Sargo,407
Diplodus sargus,Sargo,334.2
Diplodus sargus,Sargo,92.7
Diplodus sargus,Sargo,271.1
Diplodus sargus,Sargo,317.6
Diplodus sargus,Sargo,281.7
Diplodus sargus,Sargo,250.6
Diplodus sargus,Sargo,408
Diplodus sargus,Sargo,14.5
Diplodus sargus,Sargo,346
Diplodus sargus,Sargo,327.2
Diplodus sargus,Sargo,660.5
Sarpa salpa,Salema,127.5
labrus sp,wrasse,33.5
labrus sp,wrasse,30.1
labrus sp,wrasse,25.2
labrus sp,wrasse,20.5
labrus sp,wrasse,18.7
labrus sp,wrasse,11.5
labrus sp,wrasse,13.5
labrus sp,wrasse,19.6
labrus sp,wrasse,23.9
labrus sp,wrasse,14.4
labrus sp,wrasse,21.8
labrus sp,wrasse,11.1
labrus sp,wrasse,14.1
labrus sp,wrasse,12.1
labrus sp,wrasse,21.4
labrus sp,wrasse,11.8
labrus sp,wrasse,9.4
labrus sp,wrasse,12.4
labrus sp,wrasse,8.9
labrus sp,wrasse,11.8
labrus sp,wrasse,19.1
labrus sp,wrasse,16
labrus sp,wrasse,13.5
labrus sp,wrasse,9
labrus sp,wrasse,9
labrus sp,wrasse,13.5
labrus sp,wrasse,22.7
labrus sp,wrasse,21.4
labrus sp,wrasse,8.8
labrus sp,wrasse,2.7
labrus sp,wrasse,5.6
labrus sp,wrasse,20.3
labrus sp,wrasse,24
labrus sp,wrasse,20.1
labrus sp,wrasse,21.7
labrus sp,wrasse,24.3
labrus sp,wrasse,30.8
labrus sp,wrasse,29.7
labrus sp,wrasse,35
labrus sp,wrasse,30.4
labrus sp,wrasse,31.2
labrus sp,wrasse,21.2
labrus sp,wrasse,25.8
labrus sp,wrasse,25.6
labrus sp,wrasse,24.2
labrus sp,wrasse,22
labrus sp,wrasse,16
labrus sp,wrasse,4.7
labrus sp,wrasse,13.3
labrus sp,wrasse,15.3
labrus sp,wrasse,14.4
labrus sp,wrasse,14
labrus sp,wrasse,11.7
labrus sp,wrasse,13.1
labrus sp,wrasse,13.6
labrus sp,wrasse,13.4
labrus sp,wrasse,14.6
labrus sp,wrasse,12
labrus sp,wrasse,6.4
labrus sp,wrasse,3.7
labrus sp,wrasse,30
labrus sp,wrasse,16.3
labrus sp,wrasse,19.4
labrus sp,wrasse,29.3
labrus sp,wrasse,30.7
labrus sp,wrasse,23.2
labrus sp,wrasse,5.6
labrus sp,wrasse,12.1
labrus sp,wrasse,7.5
labrus sp,wrasse,27.4
labrus sp,wrasse,12.2
labrus sp,wrasse,12.9
labrus sp,wrasse,5.9
labrus sp,wrasse,14.3
labrus sp,wrasse,31.5
labrus sp,wrasse,18.2
labrus sp,wrasse,15.2
labrus sp,wrasse,16.7
labrus sp,wrasse,12
labrus sp,wrasse,3.3
labrus sp,wrasse,16.1
labrus sp,wrasse,13.1
labrus sp,wrasse,16.6
labrus sp,wrasse,16.8
labrus sp,wrasse,13.9
labrus sp,wrasse,5.5
labrus sp,wrasse,16.3
labrus sp,wrasse,25.2
gobidae sp,goby,21.8
gobidae sp,goby,27.4
gobidae sp,goby,33.5
gobidae sp,goby,14.7
gobidae sp,goby,33.5
gobidae sp,goby,15.4
gobidae sp,goby,25.4
gobidae sp,goby,33.7
gobidae sp,goby,13.6
gobidae sp,goby,29.5
gobidae sp,goby,37
gobidae sp,goby,32.4
gobidae sp,goby,22
gobidae sp,goby,23.1
gobidae sp,goby,17.2
gobidae sp,goby,28.9
gobidae sp,goby,30.6
gobidae sp,goby,20.7
gobidae sp,goby,29.7
gobidae sp,goby,21.8
gobidae sp,goby,27.2
gobidae sp,goby,17.2
gobidae sp,goby,24
gobidae sp,goby,11.2
gobidae sp,goby,21.4
gobidae sp,goby,103
gobidae sp,goby,17.1
gobidae sp,goby,21.8
gobidae sp,goby,11.5
gobidae sp,goby,17.2
gobidae sp,goby,26.1
gobidae sp,goby,10.8
gobidae sp,goby,20.2
gobidae sp,goby,5.1
gobidae sp,goby,7.1
gobidae sp,goby,17.2
gobidae sp,goby,12.8
gobidae sp,goby,6.6
gobidae sp,goby,21
gobidae sp,goby,8.4
gobidae sp,goby,16.5
gobidae sp,goby,19.6
gobidae sp,goby,16.9
gobidae sp,goby,8.3
gobidae sp,goby,4
gobidae sp,goby,27
gobidae sp,goby,19.6
gobidae sp,goby,12.7
gobidae sp,goby,18.4
gobidae sp,goby,19.4
gobidae sp,goby,14.3
gobidae sp,goby,21.2
gobidae sp,goby,5.4
gobidae sp,goby,25.5
gobidae sp,goby,11.8
gobidae sp,goby,14.7
gobidae sp,goby,22.7
gobidae sp,goby,16.7
gobidae sp,goby,16
gobidae sp,goby,14
gobidae sp,goby,13.2
gobidae sp,goby,10.6
gobidae sp,goby,11
gobidae sp,goby,31
gobidae sp,goby,28.3
gobidae sp,goby,20.2
gobidae sp,goby,21
gobidae sp,goby,15.6
gobidae sp,goby,23.7
gobidae sp,goby,16.8
gobidae sp,goby,22.3
gobidae sp,goby,6.4
gobidae sp,goby,8.5
gobidae sp,goby,10.3
gobidae sp,goby,7.8
gobidae sp,goby,34.5
gobidae sp,goby,22.3
gobidae sp,goby,11.5
gobidae sp,goby,13.1
gobidae sp,goby,19.3
gobidae sp,goby,16.8
gobidae sp,goby,16.2
gobidae sp,goby,26.4
gobidae sp,goby,10.9
gobidae sp,goby,23.5
gobidae sp,goby,17.8
gobidae sp,goby,13.7
gobidae sp,goby,19.5
gobidae sp,goby,14.9
gobidae sp,goby,16
gobidae sp,goby,7.1
gobidae sp,goby,7.1
gobidae sp,goby,12.6
gobidae sp,goby,16
gobidae sp,goby,19.5
gobidae sp,goby,21.1
gobidae sp,goby,21.5
gobidae sp,goby,15.6
gobidae sp,goby,3.3
gobidae sp,goby,4.3
gobidae sp,goby,4.8
gobidae sp,goby,13.1
gobidae sp,goby,4.7
gobidae sp,goby,6
gobidae sp,goby,4.8
gobidae sp,goby,6.3
gobidae sp,goby,22.2
gobidae sp,goby,18.6
gobidae sp,goby,5.5
gobidae sp,goby,9.8
gobidae sp,goby,12.8
gobidae sp,goby,11.2
gobidae sp,goby,9.5
gobidae sp,goby,6.2
gobidae sp,goby,8
gobidae sp,goby,6.4
gobidae sp,goby,7
gobidae sp,goby,8.4
gobidae sp,goby,5.8
gobidae sp,goby,1.7
gobidae sp,goby,4.6
gobidae sp,goby,14.8
gobidae sp,goby,3.7
gobidae sp,goby,3
gobidae sp,goby,12
gobidae sp,goby,5.4
gobidae sp,goby,6.4
gobidae sp,goby,5.7
gobidae sp,goby,5.9
gobidae sp,goby,19.6
gobidae sp,goby,12
gobidae sp,goby,13
gobidae sp,goby,10.3
gobidae sp,goby,13.2
gobidae sp,goby,16.2
gobidae sp,goby,19.9
gobidae sp,goby,17
gobidae sp,goby,17.5
gobidae sp,goby,7.7
gobidae sp,goby,15.6
gobidae sp,goby,10.3
gobidae sp,goby,19.6
gobidae sp,goby,18.2
gobidae sp,goby,19.3
gobidae sp,goby,13.2
gobidae sp,goby,18.4
gobidae sp,goby,10.1
gobidae sp,goby,21.5
gobidae sp,goby,10
gobidae sp,goby,17.1
gobidae sp,goby,15.6
gobidae sp,goby,13.2
gobidae sp,goby,14.5
gobidae sp,goby,17.6
gobidae sp,goby,18.6
gobidae sp,goby,24
gobidae sp,goby,19.2
gobidae sp,goby,17.8
gobidae sp,goby,7.9
gobidae sp,goby,9.3
gobidae sp,goby,17.6
gobidae sp,goby,12
gobidae sp,goby,17.4
gobidae sp,goby,22
gobidae sp,goby,10.2
Engraulis encrasicholus,anchovy,9
Engraulis encrasicholus,anchovy,7.8
Engraulis encrasicholus,anchovy,10.2
Engraulis encrasicholus,anchovy,8.8
Engraulis encrasicholus,anchovy,9.2
Engraulis encrasicholus,anchovy,11
Engraulis encrasicholus,anchovy,10.6
Engraulis encrasicholus,anchovy,9.8
Engraulis encrasicholus,anchovy,9.2
Engraulis encrasicholus,anchovy,9.9
Engraulis encrasicholus,anchovy,8.3
Engraulis encrasicholus,anchovy,9.9
Engraulis encrasicholus,anchovy,7.7
Engraulis encrasicholus,anchovy,8.8
Engraulis encrasicholus,anchovy,8.5
Engraulis encrasicholus,anchovy,9.9
Engraulis encrasicholus,anchovy,7.9
Engraulis encrasicholus,anchovy,6.4
Engraulis encrasicholus,anchovy,10.2
Engraulis encrasicholus,anchovy,8.3
Engraulis encrasicholus,anchovy,10.9
Engraulis encrasicholus,anchovy,6.9
Engraulis encrasicholus,anchovy,7.6
Engraulis encrasicholus,anchovy,11
Engraulis encrasicholus,anchovy,10.7
Engraulis encrasicholus,anchovy,7.2
Engraulis encrasicholus,anchovy,7.8
Engraulis encrasicholus,anchovy,6.8
Engraulis encrasicholus,anchovy,9.9
Engraulis encrasicholus,anchovy,7.5
Engraulis encrasicholus,anchovy,8.7
Engraulis encrasicholus,anchovy,6.2
Engraulis encrasicholus,anchovy,10.3
Engraulis encrasicholus,anchovy,9.8
Engraulis encrasicholus,anchovy,8.2
Engraulis encrasicholus,anchovy,6.7
Engraulis encrasicholus,anchovy,7.9
Sardina pilchardus,sardine,5.9
Sardina pilchardus,sardine,6.2
Sardina pilchardus,sardine,4.4
Sardina pilchardus,sardine,5.7
Sardina pilchardus,sardine,2
Sardina pilchardus,sardine,8.3
Sardina pilchardus,sardine,2.2
Sardina pilchardus,sardine,2.6
Sardina pilchardus,sardine,1.8
Sardina pilchardus,sardine,1.8
Sardina pilchardus,sardine,2.2
Sardina pilchardus,sardine,2.2
Sardina pilchardus,sardine,2
Sardina pilchardus,sardine,0.8
Sardina pilchardus,sardine,6.2
Sardina pilchardus,sardine,6.8
Sardina pilchardus,sardine,5.8
Sardina pilchardus,sardine,6.9
Sardina pilchardus,sardine,5.1
Sardina pilchardus,sardine,5.8
Sardina pilchardus,sardine,8.5
Sardina pilchardus,sardine,5.9
Sardina pilchardus,sardine,6.2
Sardina pilchardus,sardine,2.5
Sardina pilchardus,sardine,5.2
Sardina pilchardus,sardine,8.3
Sardina pilchardus,sardine,2.1
Sardina pilchardus,sardine,1.9
Sardina pilchardus,sardine,1.9
Sardina pilchardus,sardine,7.4
Sardina pilchardus,sardine,1.8
Sardina pilchardus,sardine,2.3
Sardina pilchardus,sardine,2.1
Sardina pilchardus,sardine,2.7
Sardina pilchardus,sardine,2.4
Sardina pilchardus,sardine,9.2
Sardina pilchardus,sardine,8
Sardina pilchardus,sardine,2.3
Sardina pilchardus,sardine,2.3
Sardina pilchardus,sardine,2.1
Sardina pilchardus,sardine,2.5
Sardina pilchardus,sardine,2.1
Sardina pilchardus,sardine,5.7
Sardina pilchardus,sardine,6.4
Sardina pilchardus,sardine,2.8
Sardina pilchardus,sardine,2.5
Sardina pilchardus,sardine,1.8
Sardina pilchardus,sardine,1.9
Sardina pilchardus,sardine,1.4
Sardina pilchardus,sardine,1.5
Sardina pilchardus,sardine,3
Sardina pilchardus,sardine,3
Sardina pilchardus,sardine,3
Sardina pilchardus,sardine,3
Sardina pilchardus,sardine,3
Sardina pilchardus,sardine,3
Sardina pilchardus,sardine,3
Sardina pilchardus,sardine,3
Sardina pilchardus,sardine,7.6
Sardina pilchardus,sardine,5.8
Sardina pilchardus,sardine,6.2
Sardina pilchardus,sardine,8
Sardina pilchardus,sardine,3.5
Sardina pilchardus,sardine,1.6
Sardina pilchardus,sardine,10.8
Sardina pilchardus,sardine,11.1
Sardina pilchardus,sardine,4.6
Sardina pilchardus,sardine,8.7
Sardina pilchardus,sardine,10.4
Sardina pilchardus,sardine,9.6
Sardina pilchardus,sardine,11.6
Sardina pilchardus,sardine,11.9
Sardina pilchardus,sardine,9.3
Sardina pilchardus,sardine,7.6
Sardina pilchardus,sardine,10.4
Sardina pilchardus,sardine,3.3
Sardina pilchardus,sardine,12.8
Sardina pilchardus,sardine,10.3
Sardina pilchardus,sardine,8.4
Sardina pilchardus,sardine,14.1
Sardina pilchardus,sardine,9.2
Sardina pilchardus,sardine,13.5
Sardina pilchardus,sardine,10.6
Sardina pilchardus,sardine,8.7
Sardina pilchardus,sardine,9.7
Sardina pilchardus,sardine,10.8
Sardina pilchardus,sardine,10.1
Sardina pilchardus,sardine,9.4
Sardina pilchardus,sardine,9.6
Sardina pilchardus,sardine,10.1
Sardina pilchardus,sardine,8.1
Sardina pilchardus,sardine,10.9
Sardina pilchardus,sardine,11.1
Sardina pilchardus,sardine,10.6
Sardina pilchardus,sardine,11.3
Sardina pilchardus,sardine,9
Sardina pilchardus,sardine,8.9
Sardina pilchardus,sardine,10.1
Sardina pilchardus,sardine,9.1
Sardina pilchardus,sardine,9.4
Sardina pilchardus,sardine,10.9
Sardina pilchardus,sardine,8.3
Sardina pilchardus,sardine,8.8
Sardina pilchardus,sardine,8.8
Sardina pilchardus,sardine,9.9
Sardina pilchardus,sardine,11.4
Sardina pilchardus,sardine,10.8
Sardina pilchardus,sardine,10.3
Sardina pilchardus,sardine,10.3
Sardina pilchardus,sardine,9.7
Sardina pilchardus,sardine,13.1
Sardina pilchardus,sardine,10.2
Sardina pilchardus,sardine,9.5
Sardina pilchardus,sardine,11.2
Sardina pilchardus,sardine,8.4
Sardina pilchardus,sardine,10.1
Sardina pilchardus,sardine,10.8
Sardina pilchardus,sardine,10.3
Sardina pilchardus,sardine,10.8
Sardina pilchardus,sardine,11.4
Sardina pilchardus,sardine,9.4
Sardina pilchardus,sardine,10.1
Sardina pilchardus,sardine,8.9
Sardina pilchardus,sardine,9
Sardina pilchardus,sardine,17.53
Sardina pilchardus,sardine,17.53
Sardina pilchardus,sardine,17.53
Sardina pilchardus,sardine,17.53
Sardina pilchardus,sardine,17.53
Sardina pilchardus,sardine,17.53
Sardina pilchardus,sardine,17.53
Sardina pilchardus,sardine,17.53
Sardina pilchardus,sardine,17.53
Sardina pilchardus,sardine,17.53
Sardina pilchardus,sardine,17.53
Sardina pilchardus,sardine,17.53
Sardina pilchardus,sardine,17.53
Sardina pilchardus,sardine,17.53
Sardina pilchardus,sardine,17.53
Sardina pilchardus,sardine,17.53
Sardina pilchardus,sardine,17.53
Sardina pilchardus,sardine,17.53
Sardina pilchardus,sardine,17.53
Sardina pilchardus,sardine,17.53
Sardina pilchardus,sardine,17.53
Sardina pilchardus,sardine,17.53
Sardina pilchardus,sardine,17.53
Sardina pilchardus,sardine,17.53
Sardina pilchardus,sardine,17.53
Sardina pilchardus,sardine,17.53
Sardina pilchardus,sardine,17.53
Sardina pilchardus,sardine,17.53
Sardina pilchardus,sardine,17.53
Sardina pilchardus,sardine,17.53
Sardina pilchardus,sardine,17.53
Sardina pilchardus,sardine,17.53
Sardina pilchardus,sardine,17.53
Sardina pilchardus,sardine,17.53
Sardina pilchardus,sardine,17.53
Sardina pilchardus,sardine,17.53
Sardina pilchardus,sardine,17.53
Sardina pilchardus,sardine,17.53
Sardina pilchardus,sardine,17.53
Sardina pilchardus,sardine,17.53
Sardina pilchardus,sardine,17.53
Sardina pilchardus,sardine,17.53
Sardina pilchardus,sardine,17.53
Sardina pilchardus,sardine,17.53
Sardina pilchardus,sardine,17.53
Sardina pilchardus,sardine,17.53
Sardina pilchardus,sardine,17.53
Sardina pilchardus,sardine,17.53
Sardina pilchardus,sardine,17.53
Sardina pilchardus,sardine,17.53
Sardina pilchardus,sardine,17.53
Sardina pilchardus,sardine,17.53
Sardina pilchardus,sardine,17.53
Sardina pilchardus,sardine,17.53
Sardina pilchardus,sardine,17.53
Sardina pilchardus,sardine,17.53
Sardina pilchardus,sardine,17.53
Sardina pilchardus,sardine,17.53
Sardina pilchardus,sardine,17.53
Sardina pilchardus,sardine,17.53
Sardina pilchardus,sardine,17.53
Sardina pilchardus,sardine,15.06
Sardina pilchardus,sardine,15.06
Sardina pilchardus,sardine,15.06
Sardina pilchardus,sardine,15.06
Sardina pilchardus,sardine,15.06
Sardina pilchardus,sardine,15.06
Sardina pilchardus,sardine,15.06
Sardina pilchardus,sardine,15.06
Sardina pilchardus,sardine,15.06
Sardina pilchardus,sardine,15.06
Sardina pilchardus,sardine,15.06
Sardina pilchardus,sardine,15.06
Sardina pilchardus,sardine,15.06
Sardina pilchardus,sardine,15.06
Sardina pilchardus,sardine,15.06
Sardina pilchardus,sardine,15.06
Sardina pilchardus,sardine,15.06
Sardina pilchardus,sardine,15.06
Sardina pilchardus,sardine,15.06
Sardina pilchardus,sardine,15.06
Sardina pilchardus,sardine,15.06
Sardina pilchardus,sardine,15.06
Sardina pilchardus,sardine,15.06
Sardina pilchardus,sardine,15.06
Sardina pilchardus,sardine,15.06
Sardina pilchardus,sardine,15.06
Sardina pilchardus,sardine,15.06
Sardina pilchardus,sardine,15.06
Sardina pilchardus,sardine,15.06
Sardina pilchardus,sardine,15.06
Sardina pilchardus,sardine,15.06
Sardina pilchardus,sardine,15.06
Sardina pilchardus,sardine,15.06
Sardina pilchardus,sardine,15.06
Sardina pilchardus,sardine,15.06
Sardina pilchardus,sardine,15.06
Sardina pilchardus,sardine,15.06
Sardina pilchardus,sardine,15.06
Sardina pilchardus,sardine,15.06
Sardina pilchardus,sardine,15.06
Sardina pilchardus,sardine,15.06
Sardina pilchardus,sardine,15.06
Sardina pilchardus,sardine,15.06
Sardina pilchardus,sardine,15.06
Sardina pilchardus,sardine,15.06
Sardina pilchardus,sardine,15.06
Sardina pilchardus,sardine,15.06
Sardina pilchardus,sardine,15.06
Sardina pilchardus,sardine,15.06
Sardina pilchardus,sardine,15.06
Sardina pilchardus,sardine,15.06
Sardina pilchardus,sardine,15.06
Sardina pilchardus,sardine,15.06
Sardina pilchardus,sardine,15.06
Sardina pilchardus,sardine,15.06
Sardina pilchardus,sardine,15.06
Sardina pilchardus,sardine,15.06
Sardina pilchardus,sardine,15.06
Sardina pilchardus,sardine,15.06
Sardina pilchardus,sardine,15.06
Sardina pilchardus,sardine,15.06
Sardina pilchardus,sardine,15.06
Sardina pilchardus,sardine,15.06
Sardina pilchardus,sardine,15.06
Sardina pilchardus,sardine,15.06
Sardina pilchardus,sardine,15.06
Sardina pilchardus,sardine,15.06
Sardina pilchardus,sardine,15.06
Sardina pilchardus,sardine,15.06
Sardina pilchardus,sardine,15.06
Sardina pilchardus,sardine,15.06
Sardina pilchardus,sardine,15.06
Sardina pilchardus,sardine,15.06
Sardina pilchardus,sardine,15.06
Sardina pilchardus,sardine,15.06
Sardina pilchardus,sardine,15.06
Sardina pilchardus,sardine,15.06
Sardina pilchardus,sardine,15.06
Sardina pilchardus,sardine,15.06
Sardina pilchardus,sardine,15.06
Sardina pilchardus,sardine,15.06
Sardina pilchardus,sardine,15.06
Sardina pilchardus,sardine,15.06
Sardina pilchardus,sardine,15.06
Sardina pilchardus,sardine,15.06
Sardina pilchardus,sardine,15.06
Sardina pilchardus,sardine,15.06
Sardina pilchardus,sardine,15.06
Sardina pilchardus,sardine,15.06
Sardina pilchardus,sardine,15.06
Sardina pilchardus,sardine,15.06
Sardina pilchardus,sardine,15.06
Sardina pilchardus,sardine,15.06
Sardina pilchardus,sardine,15.06
Sardina pilchardus,sardine,15.06
Sardina pilchardus,sardine,15.06
Sardina pilchardus,sardine,15.06
Sardina pilchardus,sardine,15.06
Sardina pilchardus,sardine,15.06
Sardina pilchardus,sardine,15.06
Sardina pilchardus,sardine,15.06
Sardina pilchardus,sardine,15.06
Sardina pilchardus,sardine,15.06
Sardina pilchardus,sardine,15.06
Sardina pilchardus,sardine,15.06
Sardina pilchardus,sardine,15.06
Sardina pilchardus,sardine,15.06
Sardina pilchardus,sardine,15.06
Sardina pilchardus,sardine,15.06
Sardina pilchardus,sardine,15.06
Sardina pilchardus,sardine,15.06
Sardina pilchardus,sardine,15.06
Sardina pilchardus,sardine,15.06
Sardina pilchardus,sardine,15.06
Sardina pilchardus,sardine,15.06
Sardina pilchardus,sardine,15.06
Sardina pilchardus,sardine,15.06
Sardina pilchardus,sardine,15.06
Sardina pilchardus,sardine,15.06
Sardina pilchardus,sardine,15.06
Sardina pilchardus,sardine,15.06
Sardina pilchardus,sardine,15.06
Sardina pilchardus,sardine,15.06
Sardina pilchardus,sardine,15.06
Sardina pilchardus,sardine,15.06
Sardina pilchardus,sardine,15.06
Sardina pilchardus,sardine,15.06
Sardina pilchardus,sardine,15.06
Sardina pilchardus,sardine,15.06
Sardina pilchardus,sardine,15.06
Sardina pilchardus,sardine,15.06
Sardina pilchardus,sardine,15.06
Sardina pilchardus,sardine,15.06
Sardina pilchardus,sardine,15.06
Sardina pilchardus,sardine,15.06
Sardina pilchardus,sardine,15.06
Sardina pilchardus,sardine,15.06
Sardina pilchardus,sardine,15.06
Sardina pilchardus,sardine,15.06
Sardina pilchardus,sardine,15.06
Sardina pilchardus,sardine,15.06
Sardina pilchardus,sardine,15.06
Sardina pilchardus,sardine,15.06
Sardina pilchardus,sardine,15.06
Sardina pilchardus,sardine,15.06
Sardina pilchardus,sardine,15.06
Sardina pilchardus,sardine,15.06
Sardina pilchardus,sardine,15.06
Sardina pilchardus,sardine,15.06
Sardina pilchardus,sardine,15.06
Sardina pilchardus,sardine,15.06
Sardina pilchardus,sardine,15.06
Sardina pilchardus,sardine,15.06
Sardina pilchardus,sardine,15.06
Sardina pilchardus,sardine,15.06
Sardina pilchardus,sardine,15.06
Sardina pilchardus,sardine,15.06
Sardina pilchardus,sardine,15.06
Sardina pilchardus,sardine,15.06
Sardina pilchardus,sardine,15.06
Sardina pilchardus,sardine,15.06
Sardina pilchardus,sardine,15.06
Sardina pilchardus,sardine,15.06
Sardina pilchardus,sardine,15.06
Sardina pilchardus,sardine,15.06
Sardina pilchardus,sardine,15.06
Sardina pilchardus,sardine,15.06
Sardina pilchardus,sardine,15.06
Sardina pilchardus,sardine,15.06
Sardina pilchardus,sardine,15.06
Sardina pilchardus,sardine,15.06
Sardina pilchardus,sardine,15.06
Sardina pilchardus,sardine,15.06
Sardina pilchardus,sardine,15.06
Sardina pilchardus,sardine,15.06
Sardina pilchardus,sardine,15.06
Sardina pilchardus,sardine,15.06
Sardina pilchardus,sardine,15.06
Sardina pilchardus,sardine,15.06
Sardina pilchardus,sardine,15.06
Sardina pilchardus,sardine,15.06
Sardina pilchardus,sardine,15.06
Sardina pilchardus,sardine,15.06
Sardina pilchardus,sardine,15.06
Sardina pilchardus,sardine,15.06
Sardina pilchardus,sardine,15.06
Sardina pilchardus,sardine,15.06
Sardina pilchardus,sardine,15.06
Sardina pilchardus,sardine,15.06
Sardina pilchardus,sardine,15.06
Sardina pilchardus,sardine,15.06
Sardina pilchardus,sardine,15.06
Sardina pilchardus,sardine,15.06
Sardina pilchardus,sardine,15.06
Sardina pilchardus,sardine,15.06
Sardina pilchardus,sardine,15.06
Sardina pilchardus,sardine,15.06
Sardina pilchardus,sardine,15.06
Sardina pilchardus,sardine,15.06
Sardina pilchardus,sardine,15.06
Sardina pilchardus,sardine,15.06
Sardina pilchardus,sardine,15.06
Sardina pilchardus,sardine,15.06
Sardina pilchardus,sardine,15.06
Sardina pilchardus,sardine,15.06
Sardina pilchardus,sardine,15.06
Sardina pilchardus,sardine,15.06
Sardina pilchardus,sardine,15.06
Sardina pilchardus,sardine,15.06
Sardina pilchardus,sardine,15.06
Sardina pilchardus,sardine,15.06
Sardina pilchardus,sardine,15.06
Sardina pilchardus,sardine,15.06
Sardina pilchardus,sardine,15.06
Sardina pilchardus,sardine,15.06
Sardina pilchardus,sardine,15.06
Sardina pilchardus,sardine,15.06
Sardina pilchardus,sardine,15.06
Sardina pilchardus,sardine,15.06
Sardina pilchardus,sardine,15.06
Sardina pilchardus,sardine,15.06
Sardina pilchardus,sardine,15.06
Sardina pilchardus,sardine,15.06
Sardina pilchardus,sardine,15.06
Sardina pilchardus,sardine,15.06
Sardina pilchardus,sardine,15.06
Sardina pilchardus,sardine,15.06
Sardina pilchardus,sardine,15.06
Sardina pilchardus,sardine,15.06
Sardina pilchardus,sardine,15.06
Sardina pilchardus,sardine,15.06
Sardina pilchardus,sardine,15.06
Sardina pilchardus,sardine,15.06
Sardina pilchardus,sardine,15.06
Sardina pilchardus,sardine,15.06
Sardina pilchardus,sardine,15.06
Sardina pilchardus,sardine,15.06
Sardina pilchardus,sardine,15.06
Sardina pilchardus,sardine,15.06
Sardina pilchardus,sardine,15.06
Sardina pilchardus,sardine,15.06
Sardina pilchardus,sardine,15.06
Sardina pilchardus,sardine,15.06
Sardina pilchardus,sardine,15.06
Sardina pilchardus,sardine,15.06
Sardina pilchardus,sardine,15.06
Sardina pilchardus,sardine,15.06
Sardina pilchardus,sardine,15.06
Sardina pilchardus,sardine,15.06
Sardina pilchardus,sardine,15.06
Sardina pilchardus,sardine,15.06
Sardina pilchardus,sardine,15.06
Sardina pilchardus,sardine,15.06
Sardina pilchardus,sardine,15.06
Sardina pilchardus,sardine,15.06
Sardina pilchardus,sardine,15.06
Sardina pilchardus,sardine,15.06
Sardina pilchardus,sardine,15.06
Sardina pilchardus,sardine,15.06
Sardina pilchardus,sardine,15.06
Sardina pilchardus,sardine,15.06
Sardina pilchardus,sardine,15.06
Sardina pilchardus,sardine,15.06
Sardina pilchardus,sardine,15.06
Sardina pilchardus,sardine,15.06
Sardina pilchardus,sardine,15.06
Sardina pilchardus,sardine,15.06
Sardina pilchardus,sardine,15.06
Sardina pilchardus,sardine,15.06
Sardina pilchardus,sardine,15.06
Sardina pilchardus,sardine,15.06
Sardina pilchardus,sardine,15.06
Sardina pilchardus,sardine,15.06
Sardina pilchardus,sardine,15.06
Sardina pilchardus,sardine,15.06
Sardina pilchardus,sardine,15.06
Sardina pilchardus,sardine,15.06
Sardina pilchardus,sardine,15.06
Sardina pilchardus,sardine,15.06
Sardina pilchardus,sardine,15.06
Sardina pilchardus,sardine,15.06
Sardina pilchardus,sardine,15.06
Sardina pilchardus,sardine,15.06
Sardina pilchardus,sardine,15.06
Sardina pilchardus,sardine,15.06
Sardina pilchardus,sardine,15.06
Sardina pilchardus,sardine,15.06
Sardina pilchardus,sardine,15.06
Sardina pilchardus,sardine,15.06
Sardina pilchardus,sardine,15.06
Sardina pilchardus,sardine,15.06
Sardina pilchardus,sardine,15.06
Sardina pilchardus,sardine,15.06
Sardina pilchardus,sardine,15.06
Sardina pilchardus,sardine,15.06
Sardina pilchardus,sardine,15.06
Sardina pilchardus,sardine,15.06
Sardina pilchardus,sardine,15.06
Sardina pilchardus,sardine,15.06
Sardina pilchardus,sardine,15.06
Sardina pilchardus,sardine,15.06
Sardina pilchardus,sardine,15.06
Sardina pilchardus,sardine,15.06
Sardina pilchardus,sardine,15.06
Sardina pilchardus,sardine,15.06
Sardina pilchardus,sardine,15.06
Sardina pilchardus,sardine,15.06
Sardina pilchardus,sardine,15.06
Sardina pilchardus,sardine,15.06
Sardina pilchardus,sardine,15.06
Sardina pilchardus,sardine,15.06
Sardina pilchardus,sardine,15.06
Sardina pilchardus,sardine,15.06
Sardina pilchardus,sardine,15.06
Sardina pilchardus,sardine,15.06
Sardina pilchardus,sardine,15.06
Sardina pilchardus,sardine,15.06
Sardina pilchardus,sardine,15.06
Sardina pilchardus,sardine,15.06
Sardina pilchardus,sardine,15.06
Sardina pilchardus,sardine,15.06
Sardina pilchardus,sardine,15.06
Sardina pilchardus,sardine,15.06
Sardina pilchardus,sardine,15.06
Sardina pilchardus,sardine,15.06
Sardina pilchardus,sardine,15.06
Sardina pilchardus,sardine,15.06
Sardina pilchardus,sardine,15.06
Sardina pilchardus,sardine,15.06
Sardina pilchardus,sardine,15.06
Sardina pilchardus,sardine,15.06
Sardina pilchardus,sardine,15.06
Sardina pilchardus,sardine,15.06
Sardina pilchardus,sardine,15.06
Sardina pilchardus,sardine,15.06
Sardina pilchardus,sardine,15.06
Sardina pilchardus,sardine,15.06
Sardina pilchardus,sardine,15.06
Sardina pilchardus,sardine,15.06
Sardina pilchardus,sardine,15.06
Sardina pilchardus,sardine,15.06
Sardina pilchardus,sardine,15.06
Sardina pilchardus,sardine,15.06
Sardina pilchardus,sardine,15.06
Sardina pilchardus,sardine,15.06
Sardina pilchardus,sardine,15.06
Sardina pilchardus,sardine,15.06
Sardina pilchardus,sardine,15.06
Sardina pilchardus,sardine,15.06
Sardina pilchardus,sardine,15.06
Sardina pilchardus,sardine,15.06
Sardina pilchardus,sardine,15.06
Sardina pilchardus,sardine,15.06
Sardina pilchardus,sardine,15.06
Sardina pilchardus,sardine,15.06
Sardina pilchardus,sardine,15.06
Sardina pilchardus,sardine,15.06
Sardina pilchardus,sardine,15.06
Sardina pilchardus,sardine,15.06
Sardina pilchardus,sardine,15.06
Sardina pilchardus,sardine,15.06
Sardina pilchardus,sardine,15.06
Sardina pilchardus,sardine,15.06
Sardina pilchardus,sardine,15.06
Sardina pilchardus,sardine,15.06
Sardina pilchardus,sardine,15.06
Sardina pilchardus,sardine,15.06
Sardina pilchardus,sardine,15.06
Sardina pilchardus,sardine,15.06
Sardina pilchardus,sardine,15.06
Sardina pilchardus,sardine,15.06
Sardina pilchardus,sardine,15.06
Sardina pilchardus,sardine,15.06
Sardina pilchardus,sardine,15.06
Sardina pilchardus,sardine,15.06
Sardina pilchardus,sardine,15.06
Sardina pilchardus,sardine,15.06
Sardina pilchardus,sardine,15.06
Sardina pilchardus,sardine,15.06
Chelon labrosus,grey mullet,19
Chelon labrosus,grey mullet,40.2
Chelon labrosus,grey mullet,23.9
Chelon labrosus,grey mullet,18.5
Chelon labrosus,grey mullet,30.2
Chelon labrosus,grey mullet,14.6
Chelon labrosus,grey mullet,27.8
Chelon labrosus,grey mullet,18.2
Chelon labrosus,grey mullet,21.8
Chelon labrosus,grey mullet,20.1
Chelon labrosus,grey mullet,17.4
Chelon labrosus,grey mullet,16.8
Chelon labrosus,grey mullet,12.9
Chelon labrosus,grey mullet,24.5
Chelon labrosus,grey mullet,29.8
Chelon labrosus,grey mullet,26.4
Chelon labrosus,grey mullet,26.7
Chelon labrosus,grey mullet,16.3
Chelon labrosus,grey mullet,16.1
Chelon labrosus,grey mullet,25.8
Chelon labrosus,grey mullet,25.9
Chelon labrosus,grey mullet,23.1
Chelon labrosus,grey mullet,14.8
Chelon labrosus,grey mullet,22.4
Chelon labrosus,grey mullet,16
Chelon labrosus,grey mullet,18.1
Chelon labrosus,grey mullet,20.2
Chelon labrosus,grey mullet,27.8
Chelon labrosus,grey mullet,17.1
Chelon labrosus,grey mullet,19.2
Chelon labrosus,grey mullet,18.9
Chelon labrosus,grey mullet,18.9
Chelon labrosus,grey mullet,17.5
Chelon labrosus,grey mullet,14.5
Chelon labrosus,grey mullet,21.3
Chelon labrosus,grey mullet,20.9
Chelon labrosus,grey mullet,24.4
Chelon labrosus,grey mullet,21.4
Chelon labrosus,grey mullet,12.2
Chelon labrosus,grey mullet,11.5
Chelon labrosus,grey mullet,32
Chelon labrosus,grey mullet,14.5
Chelon labrosus,grey mullet,25.9
Chelon labrosus,grey mullet,19.1
Chelon labrosus,grey mullet,172.7
Chelon labrosus,grey mullet,110.8
Chelon labrosus,grey mullet,38.6
Chelon labrosus,grey mullet,19.3
Chelon labrosus,grey mullet,23.4
Chelon labrosus,grey mullet,32.3
Chelon labrosus,grey mullet,19.9
Chelon labrosus,grey mullet,26.4
Chelon labrosus,grey mullet,14.4
Chelon labrosus,grey mullet,16.4
Chelon labrosus,grey mullet,14.5
Chelon labrosus,grey mullet,29.9
Chelon labrosus,grey mullet,24.4
Chelon labrosus,grey mullet,21.6
Chelon labrosus,grey mullet,20.2
Chelon labrosus,grey mullet,32.7
Chelon labrosus,grey mullet,26.3
Chelon labrosus,grey mullet,26.4
Chelon labrosus,grey mullet,28.4
Chelon labrosus,grey mullet,22.1
Chelon labrosus,grey mullet,25
Chelon labrosus,grey mullet,30.1
Chelon labrosus,grey mullet,21.4
Chelon labrosus,grey mullet,10.5
Chelon labrosus,grey mullet,20.6
Chelon labrosus,grey mullet,20.1
Chelon labrosus,grey mullet,22.4
Chelon labrosus,grey mullet,19
Chelon labrosus,grey mullet,22
Chelon labrosus,grey mullet,22
Chelon labrosus,grey mullet,13.5
Chelon labrosus,grey mullet,18.1
Chelon labrosus,grey mullet,16.4
Chelon labrosus,grey mullet,13.2
Chelon labrosus,grey mullet,19.7
Chelon labrosus,grey mullet,14.9
Chelon labrosus,grey mullet,41.6
Chelon labrosus,grey mullet,31.1
Chelon labrosus,grey mullet,23.5
Chelon labrosus,grey mullet,21.6
Chelon labrosus,grey mullet,23.4
Chelon labrosus,grey mullet,20.4
Chelon labrosus,grey mullet,16.4
Chelon labrosus,grey mullet,29
Chelon labrosus,grey mullet,11.5
Chelon labrosus,grey mullet,22.6
Chelon labrosus,grey mullet,15.3
Chelon labrosus,grey mullet,18.7
Chelon labrosus,grey mullet,23.5
Chelon labrosus,grey mullet,15
Chelon labrosus,grey mullet,20.7
Chelon labrosus,grey mullet,19.1
Chelon labrosus,grey mullet,80.2
Chelon labrosus,grey mullet,2026
Chelon labrosus,grey mullet,51.3
Chelon labrosus,grey mullet,33
Chelon labrosus,grey mullet,44.6
Chelon labrosus,grey mullet,45
Chelon labrosus,grey mullet,62
Chelon labrosus,grey mullet,67.2
Chelon labrosus,grey mullet,55.9
Chelon labrosus,grey mullet,67
Chelon labrosus,grey mullet,35.1
Chelon labrosus,grey mullet,27.8
Chelon labrosus,grey mullet,42
Chelon labrosus,grey mullet,37.2
Chelon labrosus,grey mullet,66.8
Chelon labrosus,grey mullet,341.2
Chelon labrosus,grey mullet,389.1
Chelon labrosus,grey mullet,345.9
Chelon labrosus,grey mullet,201.3
Chelon labrosus,grey mullet,191.1
Annelidia,worms,N/A
Gastropoda,snails,N/A
Bivalvia ,bivalve,N/A
Crustacea ,e.g shrimp/crab,N/A
